Count,Date,State,Bill,Bill Description,Bill Type,Status
2,2018-02-06,OK,SB 1250," Second reading, referred to committee (S)",Religious Freedom,Introduced
2,,,," Second reading, referred to committee",Religious Freedom,Introduced
2,2018-03-22,KY,HB 372, Session ended,Religious Freedom,Dead/Failed
2,,,, Session ended,Religious Freedom,Dead/Failed
2,2018-03-27,CO,HB 1206, Session ended,Religious Freedom,Dead/Failed
2,,,, Session ended,Religious Freedom,Dead/Failed
3,2020-02-07,IA,HF 2273,Introduced; Referred to Committee 2/7/20,Religious Freedom,Introduced
3,,,,Introduced; Referred to Committee 2/7/20,Religious Freedom,Introduced
3,,,,Introduced; Referred to Committee 2/7/20,Religious Freedom,Introduced
3,2020-02-11,IA,SF 2194,Referred to Subcommittee 2/11/20,Religious Freedom,Introduced
3,,,,Introduced; Referred to Committee 2/11/20,Religious Freedom,Introduced
3,,,,Introduced; Referred to Committee 2/11/20,Religious Freedom,Introduced
2,2020-02-24,SD,HB 1215,Dead/Failed 2/24/20,Other,Dead/Failed
2,,,,Dead/Failed 2/24/20,Nondiscrimination Protections,Dead/Failed
2,2020-03-03,MS,SB 2240,Dead/Failed in Committee 3/3/20,Public Facilities,Dead/Failed
2,,,,Dead/Failed in Committee 3/3/20,Youth Athletics,Dead/Failed
2,2021-01-04,NH,HB 198,Relative to an exception to the opportunity for public education without discrimination.,Youth Athletics,Introduced
2,,,,Relative to an exception to the opportunity for public education without discrimination.,Youth Athletics,Introduced
2,2021-01-12,SC,H 3477,"Amend The Code Of Laws Of South Carolina, 1976, So As To Enact The ""save Women's Sports Act"" By Adding Section 59-1-500 So As To Ensure Continued Inclusivity Of Females In The School Sports Arena By Providing That Public And Private Middle School-level And High School-level Teams And Sports Must Be Designated Based On Biological Sex, To Provide That Teams Or Sports Designated For Females May Be Restricted To Students Of The Female Sex, To Provide For Certain Protections For Public And Private Schools, And To Provide Certain Relief For Violations.",Youth Athletics,Dead/Failed
2,,,,"Amend The Code Of Laws Of South Carolina, 1976, So As To Enact The ""save Women's Sports Act"" By Adding Section 59-1-500 So As To Ensure Continued Inclusivity Of Females In The School Sports Arena By Providing That Public And Private Middle School-level And High School-level Teams And Sports Must Be Designated Based On Biological Sex, To Provide That Teams Or Sports Designated For Females May Be Restricted To Students Of The Female Sex, To Provide For Certain Protections For Public And Private Schools, And To Provide Certain Relief For Violations.",Youth Athletics,Dead/Failed
2,2021-01-14,MN,SF 96,High school league member public schools separate teams provision violation clarification,Youth Athletics,Introduced
2,,,,High school league member public schools separate teams provision violation clarification,Youth Athletics,Introduced
2,2021-01-22,IA,HF 184,A bill for an act relating to student participation in interscholastic or intramural athletic teams or sports based on biological sex.,Youth Athletics,Dead/Failed
2,,,,A bill for an act relating to student participation in interscholastic or intramural athletic teams or sports based on biological sex.,Youth Athletics,Dead/Failed
2,2021-01-22,IA,HF 187,A bill for an act relating to unfair practices involving access to areas of public accommodations or educational institutions.,Public Facilities,Dead/Failed
2,,,,A bill for an act relating to unfair practices involving access to areas of public accommodations or educational institutions.,Public Facilities,Dead/Failed
2,2021-01-22,IA,HF 193,"A bill for an act relating to actions relative to treatment or intervention regarding the discordance between a minor's sex and gender identity, and providing civil penalties.",Healthcare,Dead/Failed
2,,,,"A bill for an act relating to actions relative to treatment or intervention regarding the discordance between a minor's sex and gender identity, and providing civil penalties.",Healthcare,Dead/Failed
2,2021-01-27,HI,HB 1304,Prohibits biologically born males from competing in any athletic program offered by a public high school that is designated for women or girls.,Youth Athletics,Dead/Failed
2,,,,Prohibits biologically born males from competing in any athletic program offered by a public high school that is designated for women or girls.,Youth Athletics,Dead/Failed
2,2021-01-28,IA,HF 272,A bill for an act removing gender identity as a protected class under the Iowa civil rights Act.,Other,Dead/Failed
2,,,,A bill for an act removing gender identity as a protected class under the Iowa civil rights Act.,Nondiscrimination Protections,Dead/Failed
2,2021-01-28,MN,HF 350,Student participation in athletic teams restricted.,Youth Athletics,Introduced
2,,,,Student participation in athletic teams restricted.,Youth Athletics,Introduced
2,2021-01-28,MN,HF 352,Female student sport team participation restricted to the female sex.,Youth Athletics,Introduced
2,,,,Female student sport team participation restricted to the female sex.,Youth Athletics,Introduced
2,2021-02-01,OK,SB 331,Student athletics; creating the Save Women's Sports Act; requiring designation of certain athletic teams. Effective date. Emergency.,Youth Athletics,Dead/Failed
2,,,,Student athletics; creating the Save Women's Sports Act; requiring designation of certain athletic teams. Effective date. Emergency.,Youth Athletics,Dead/Failed
2,2021-02-01,OK,SB 583,Health services for minors; prohibiting certain medical treatment for minors; providing penalty. Effective date.,Healthcare,Dead/Failed
2,,,,Health services for minors; prohibiting certain medical treatment for minors; providing penalty. Effective date.,Healthcare,Dead/Failed
2,2021-02-01,OK,SB 676,Crime and punishment; providing definition; providing certain penalty. Effective date.,Healthcare,Dead/Failed
2,,,,Crime and punishment; providing definition; providing certain penalty. Effective date.,Healthcare,Dead/Failed
2,2021-02-02,IA,HF 334,A bill for an act relating to student participation in interscholastic or intramural athletic teams or sports based on biological sex.,Youth Athletics,Dead/Failed
2,,,,A bill for an act relating to student participation in interscholastic or intramural athletic teams or sports based on biological sex.,Youth Athletics,Dead/Failed
2,2021-02-02,IA,HF 340,A bill for an act relating to the construction of the Iowa civil rights Act of 1965 regarding sex and gender identity.,Other,Dead/Failed
2,,,,A bill for an act relating to the construction of the Iowa civil rights Act of 1965 regarding sex and gender identity.,Nondiscrimination Protections,Dead/Failed
2,2021-02-02,IA,HF 341,A bill for an act relating to the statute of limitations for recovery from injuries sustained from treatment for identity disorder.,Healthcare,Dead/Failed
2,,,,A bill for an act relating to the statute of limitations for recovery from injuries sustained from treatment for identity disorder.,Healthcare,Dead/Failed
2,2021-02-02,IA,SF 224,A bill for an act prohibiting persons from entering single and multiple occupancy toilet facilities in elementary and secondary schools that do not correspond with the person's biological sex.,Youth Athletics,Dead/Failed
2,,,,A bill for an act prohibiting persons from entering single and multiple occupancy toilet facilities in elementary and secondary schools that do not correspond with the person's biological sex.,Public Facilities,Dead/Failed
2,2021-02-03,GA,HB 276,"A BILL to be entitled an Act to amend Title 20 of the Official Code of Georgia Annotated, relating to education, so as to provide that it shall be unlawful for a public school, an institution of the University System of Georgia, or a private school whose students or teams compete against a public school to operate, sponsor, or facilitate athletic programs or activities that permit a person whose gender is male to participate in an athletic program or activity that is designated for females; to provide for a definition; to provide for remedies for violations; to waive certain immunities; to provide for related matters; to repeal conflicting laws; and for other purposes.",Youth Athletics,Introduced
2,,,,"A BILL to be entitled an Act to amend Title 20 of the Official Code of Georgia Annotated, relating to education, so as to provide that it shall be unlawful for a public school, an institution of the University System of Georgia, or a private school whose students or teams compete against a public school to operate, sponsor, or facilitate athletic programs or activities that permit a person whose gender is male to participate in an athletic program or activity that is designated for females; to provide for a definition; to provide for remedies for violations; to waive certain immunities; to provide for related matters; to repeal conflicting laws; and for other purposes.",Youth Athletics,Introduced
2,2021-02-03,OH,HB 61,"To enact sections 3313.5317 and 3345.561 of the Revised Code to enact the ""Save Women's Sports Act"" to require schools, state institutions of higher education, and private colleges to designate separate single-sex teams and sports for each sex.",Youth Athletics,Introduced
2,,,,"To enact sections 3313.5317 and 3345.561 of the Revised Code to enact the ""Save Women's Sports Act"" to require schools, state institutions of higher education, and private colleges to designate separate single-sex teams and sports for each sex.",Youth Athletics,Introduced
2,2021-02-05,TN,HB 0578,"As introduced, prohibits the provision of sexual identity change therapy to prepubescent minors; prohibits the provision of sexual identity change therapy to minors who have entered puberty unless a parent or guardian has written recommendations for the therapy from at least three physicians; punishes violations as child abuse; designates violations by healthcare professionals as professional misconduct. - Amends TCA Title 8; Title 36; Title 37; Title 39; Title 49; Title 53; Title 56; Title 63; Title 68 and Title 71.",Healthcare,Introduced
2,,,,"As introduced, prohibits the provision of sexual identity change therapy to prepubescent minors; prohibits the provision of sexual identity change therapy to minors who have entered puberty unless a parent or guardian has written recommendations for the therapy from at least three physicians; punishes violations as child abuse; designates violations by healthcare professionals as professional misconduct. - Amends TCA Title 8; Title 36; Title 37; Title 39; Title 49; Title 53; Title 56; Title 63; Title 68 and Title 71.",Healthcare,Introduced
2,2021-02-08,IA,HF 405,A bill for an act relating to unfair practices involving access to areas of public accommodations designated for persons of one biological sex.,Youth Athletics,Dead/Failed
2,,,,A bill for an act relating to unfair practices involving access to areas of public accommodations designated for persons of one biological sex.,Public Facilities,Dead/Failed
2,2021-02-09,GA,HB 372,"A BILL to be entitled an Act to amend Part 14 of Article 6 of Title 20 of the Official Code of Georgia Annotated, relating to other educational programs, so as to provide a definition for the term ""gender""; to provide for the classification of athletic events or activities based on gender; to provide for a waiver process; to provide for remedies; to provide for related matters; to repeal conflicting laws; and for other purposes.",Youth Athletics,Introduced
2,,,,"A BILL to be entitled an Act to amend Part 14 of Article 6 of Title 20 of the Official Code of Georgia Annotated, relating to other educational programs, so as to provide a definition for the term ""gender""; to provide for the classification of athletic events or activities based on gender; to provide for a waiver process; to provide for remedies; to provide for related matters; to repeal conflicting laws; and for other purposes.",Youth Athletics,Introduced
2,2021-02-09,SC,S 0531,"Enact The ""save Women's Sports Act""; To Amend Article 5, Chapter 1, Title 59 Of The 1976 Code, Relating To Miscellaneous Educational Provisions, By Adding Section 59-1-500, To Provide That Public And Private Middle School-level And High School-level Teams And Sports Must Be Designated Based On Biological Sex, To Provide That Teams Or Sports Designated For Females Must Be Restricted To Students Of The Female Sex, To Provide Certain Protections For Public And Private Schools, And To Provide Certain Relief For Violations.",Youth Athletics,Dead/Failed
2,,,,"Enact The ""save Women's Sports Act""; To Amend Article 5, Chapter 1, Title 59 Of The 1976 Code, Relating To Miscellaneous Educational Provisions, By Adding Section 59-1-500, To Provide That Public And Private Middle School-level And High School-level Teams And Sports Must Be Designated Based On Biological Sex, To Provide That Teams Or Sports Designated For Females Must Be Restricted To Students Of The Female Sex, To Provide Certain Protections For Public And Private Schools, And To Provide Certain Relief For Violations.",Youth Athletics,Dead/Failed
2,2021-02-09,TN,SB 0657,"As introduced, prohibits the provision of sexual identity change therapy to prepubescent minors; prohibits the provision of sexual identity change therapy to minors who have entered puberty unless a parent or guardian has written recommendations for the therapy from at least three physicians; punishes violations as child abuse; designates violations by healthcare professionals as professional misconduct. - Amends TCA Title 8; Title 36; Title 37; Title 39; Title 49; Title 53; Title 56; Title 63; Title 68 and Title 71.",Healthcare,Introduced
2,,,,"As introduced, prohibits the provision of sexual identity change therapy to prepubescent minors; prohibits the provision of sexual identity change therapy to minors who have entered puberty unless a parent or guardian has written recommendations for the therapy from at least three physicians; punishes violations as child abuse; designates violations by healthcare professionals as professional misconduct. - Amends TCA Title 8; Title 36; Title 37; Title 39; Title 49; Title 53; Title 56; Title 63; Title 68 and Title 71.",Healthcare,Introduced
2,2021-02-10,GA,HB 401,"A BILL to be entitled an Act to amend Title 31 of the Official Code of Georgia Annotated, relating to health, so as to prohibit certain licensed, certified, or registered professionals from engaging in certain acts upon minors; to provide for a short title; to provide for definitions; to provide for exceptions; to provide for a penalty and private cause of action; to explicitly waive sovereign immunity, qualified immunity, and official immunity for such a private cause of action; to provide for related matters; to provide for an effective date and applicability; to repeal conflicting laws; and for other purposes.",Youth Athletics,Introduced
2,,,,"A BILL to be entitled an Act to amend Title 31 of the Official Code of Georgia Annotated, relating to health, so as to prohibit certain licensed, certified, or registered professionals from engaging in certain acts upon minors; to provide for a short title; to provide for definitions; to provide for exceptions; to provide for a penalty and private cause of action; to explicitly waive sovereign immunity, qualified immunity, and official immunity for such a private cause of action; to provide for related matters; to provide for an effective date and applicability; to repeal conflicting laws; and for other purposes.",Healthcare,Introduced
2,2021-02-10,TN,HB 1177,"As introduced, specifies, for the offense of observation without consent, that a person has a reasonable expectation of privacy from members of the opposite sex in a single-sex multi-person use bathroom, locker room, dressing room or shower; defines a person's sex as the sex listed on the person's birth certificate and makes other related changes. - Amends TCA Title 39, Chapter 13.",Public Facilities,Introduced
2,,,,"As introduced, specifies, for the offense of observation without consent, that a person has a reasonable expectation of privacy from members of the opposite sex in a single-sex multi-person use bathroom, locker room, dressing room or shower; defines a person's sex as the sex listed on the person's birth certificate and makes other related changes. - Amends TCA Title 39, Chapter 13.",ID Updates,Introduced
2,2021-02-11,TN,SB 1238,"As introduced, specifies, for the offense of observation without consent, that a person has a reasonable expectation of privacy from members of the opposite sex in a single-sex multi-person use bathroom, locker room, dressing room or shower; defines a person's sex as the sex listed on the person's birth certificate and makes other related changes. - Amends TCA Title 39, Chapter 13.",Public Facilities,Introduced
2,,,,"As introduced, specifies, for the offense of observation without consent, that a person has a reasonable expectation of privacy from members of the opposite sex in a single-sex multi-person use bathroom, locker room, dressing room or shower; defines a person's sex as the sex listed on the person's birth certificate and makes other related changes. - Amends TCA Title 39, Chapter 13.",ID Updates,Introduced
2,2021-02-25,GA,SB 266,"A BILL to be entitled an Act to amend Title 20 of the Official Code of Georgia Annotated, relating to education, so as to provide that it shall be unlawful for a public school or a private school whose students or teams compete against a public school to operate, sponsor, or facilitate athletic programs or activities that permit a person whose gender is male to participate in an athletic program or activity that is designated for females; to provide for definitions; to provide for remedies for violations; to provide for exceptions; to waive certain immunities; to provide for a short title; to provide for related matters; to repeal conflicting laws; and for other purposes.",Youth Athletics,Introduced
2,,,,"A BILL to be entitled an Act to amend Title 20 of the Official Code of Georgia Annotated, relating to education, so as to provide that it shall be unlawful for a public school or a private school whose students or teams compete against a public school to operate, sponsor, or facilitate athletic programs or activities that permit a person whose gender is male to participate in an athletic program or activity that is designated for females; to provide for definitions; to provide for remedies for violations; to provide for exceptions; to waive certain immunities; to provide for a short title; to provide for related matters; to repeal conflicting laws; and for other purposes.",Youth Athletics,Introduced
2,2021-02-25,MN,HF 1657,"Male student participation in female athletics restricted, male access to female changing facilities restricted, and criminal penalties provided.",Youth Athletics,Introduced
2,,,,"Male student participation in female athletics restricted, male access to female changing facilities restricted, and criminal penalties provided.",Youth Athletics,Introduced
2,2021-03-09,SC,H 4047,"Amend The Code Of Laws Of South Carolina, 1976, To Enact The ""south Carolina Vulnerable Child Compassion And Protection Act"" By Adding Chapter 139 To Title 44 So As To Prohibit The Performance Of A Medical Procedure Or The Prescription Or Issuance Of Medication, Upon Or To A Minor, That Is Intended To Alter The Appearance Of The Minor's Gender Or Delay Puberty, With Exceptions; To Create Criminal Penalties; And For Other Purposes.",Youth Athletics,Dead/Failed
2,,,,"Amend The Code Of Laws Of South Carolina, 1976, To Enact The ""south Carolina Vulnerable Child Compassion And Protection Act"" By Adding Chapter 139 To Title 44 So As To Prohibit The Performance Of A Medical Procedure Or The Prescription Or Issuance Of Medication, Upon Or To A Minor, That Is Intended To Alter The Appearance Of The Minor's Gender Or Delay Puberty, With Exceptions; To Create Criminal Penalties; And For Other Purposes.",Healthcare,Dead/Failed
2,2021-03-10,MI,SB 0218,Education: athletics; requirement that only biological males may compete for a position on and compete on a boys' high school team in an interscholastic activity and only biological females may compete for a position on and compete on a girls' high school team in an interscholastic activity; provide for. Amends 1979 PA 451 (MCL 380.1 - 380.1852) by adding sec. 1146a & repeals sec. 1289 of 1976 PA 451 (MCL 380.1289).,Youth Athletics,Introduced
2,,,,Education: athletics; requirement that only biological males may compete for a position on and compete on a boys' high school team in an interscholastic activity and only biological females may compete for a position on and compete on a girls' high school team in an interscholastic activity; provide for. Amends 1979 PA 451 (MCL 380.1 - 380.1852) by adding sec. 1146a & repeals sec. 1289 of 1976 PA 451 (MCL 380.1289).,Youth Athletics,Introduced
2,2021-03-16,OH,SB 132,"To enact sections 3313.5317 and 3345.561 of the Revised Code to enact the ""Save Women's Sports Act"" to require schools, state institutions of higher education, and private colleges to designate separate single-sex teams and sports for each sex.",Youth Athletics,Introduced
2,,,,"To enact sections 3313.5317 and 3345.561 of the Revised Code to enact the ""Save Women's Sports Act"" to require schools, state institutions of higher education, and private colleges to designate separate single-sex teams and sports for each sex.",Youth Athletics,Introduced
2,2021-03-16,USA,HB 1926,"Establishes a new criminal offense for performing gender reassignment medical interventions on minors. It also provides that a minor who receives such an intervention may bring a civil action against each person who performed that intervention. The bill defines these interventions as certain surgeries or the use of hormones to change the body of an individual to correspond to a sex that is discordant with the individual's biological sex. It excludes, however, interventions in cases where an individual has ambiguous external biological sex characteristics or where a physician has determined that an individual does not have normal sex chromosome structure, sex steroid hormone production, or sex steroid hormone action. An individual who performs these interventions on a minor is subject to criminal penalties—a fine, a prison term of up to five years, or both. A minor who receives these medical interventions may not be arrested or prosecuted for an offense under this bill.",Youth Athletics,Introduced
2,,,,"Establishes a new criminal offense for performing gender reassignment medical interventions on minors. It also provides that a minor who receives such an intervention may bring a civil action against each person who performed that intervention. The bill defines these interventions as certain surgeries or the use of hormones to change the body of an individual to correspond to a sex that is discordant with the individual's biological sex. It excludes, however, interventions in cases where an individual has ambiguous external biological sex characteristics or where a physician has determined that an individual does not have normal sex chromosome structure, sex steroid hormone production, or sex steroid hormone action. An individual who performs these interventions on a minor is subject to criminal penalties—a fine, a prison term of up to five years, or both. A minor who receives these medical interventions may not be arrested or prosecuted for an offense under this bill.",Healthcare,Introduced
2,2021-03-16,USA,HB 1927,"Modifies provisions relating to federal funding for, and health insurance coverage of, gender reassignment medical interventions, which include surgical remedies and hormone therapy arising from a conflict between an individual's gender identity and the sex the individual has or was identified as having at birth. Specifically, the bill prohibits the use of federal funds for gender reassignment medical interventions or for health coverage that includes such interventions. Additionally, such interventions may not be provided in a federal health care facility or by a federal employee. Under current law, coverage of these interventions through Medicare and Medicaid is generally determined at the state level. The bill's restrictions regarding the use of federal funds do not apply to treatment of individuals with medically verifiable disorders of sex development, such as individuals born with atypical development of chromosomal, gonadal, or anatomical sex. The bill also prohibits qualified health plans from including coverage for gender reassignment medical interventions. Further, plans that include coverage for such interventions are not eligible for federal subsidies.",Youth Athletics,Introduced
2,,,,"Modifies provisions relating to federal funding for, and health insurance coverage of, gender reassignment medical interventions, which include surgical remedies and hormone therapy arising from a conflict between an individual's gender identity and the sex the individual has or was identified as having at birth. Specifically, the bill prohibits the use of federal funds for gender reassignment medical interventions or for health coverage that includes such interventions. Additionally, such interventions may not be provided in a federal health care facility or by a federal employee. Under current law, coverage of these interventions through Medicare and Medicaid is generally determined at the state level. The bill's restrictions regarding the use of federal funds do not apply to treatment of individuals with medically verifiable disorders of sex development, such as individuals born with atypical development of chromosomal, gonadal, or anatomical sex. The bill also prohibits qualified health plans from including coverage for gender reassignment medical interventions. Further, plans that include coverage for such interventions are not eligible for federal subsidies.",Healthcare,Introduced
2,2021-03-16,USA,SB 777,"Modifies provisions relating to federal funding for, and health insurance coverage of, gender reassignment medical interventions, which include surgical remedies and hormone therapy arising from a conflict between an individual's gender identity and the sex the individual has or was identified as having at birth. Specifically, the bill prohibits the use of federal funds for gender reassignment medical interventions or for health coverage that includes such interventions. Additionally, such interventions may not be provided in a federal health care facility or by a federal employee. Under current law, coverage of these interventions through Medicare and Medicaid is generally determined at the state level. The bill's restrictions regarding the use of federal funds do not apply to treatment of individuals with medically verifiable disorders of sex development, such as individuals born with atypical development of chromosomal, gonadal, or anatomical sex. The bill also prohibits qualified health plans from including coverage for gender reassignment medical interventions. Further, plans that include coverage for such interventions are not eligible for federal subsidies.",Youth Athletics,Introduced
2,,,,"Modifies provisions relating to federal funding for, and health insurance coverage of, gender reassignment medical interventions, which include surgical remedies and hormone therapy arising from a conflict between an individual's gender identity and the sex the individual has or was identified as having at birth. Specifically, the bill prohibits the use of federal funds for gender reassignment medical interventions or for health coverage that includes such interventions. Additionally, such interventions may not be provided in a federal health care facility or by a federal employee. Under current law, coverage of these interventions through Medicare and Medicaid is generally determined at the state level. The bill's restrictions regarding the use of federal funds do not apply to treatment of individuals with medically verifiable disorders of sex development, such as individuals born with atypical development of chromosomal, gonadal, or anatomical sex. The bill also prohibits qualified health plans from including coverage for gender reassignment medical interventions. Further, plans that include coverage for such interventions are not eligible for federal subsidies.",Healthcare,Introduced
2,2021-03-16,USA,SB 778,"Establishes a new criminal offense for performing gender reassignment medical interventions on minors. It also provides that a minor who receives such an intervention may bring a civil action against each person who performed that intervention. The bill defines these interventions as certain surgeries or the use of hormones to change the body of an individual to correspond to a sex that is discordant with the individual's biological sex. It excludes, however, interventions in cases where an individual has ambiguous external biological sex characteristics or where a physician has determined that an individual does not have normal sex chromosome structure, sex steroid hormone production, or sex steroid hormone action. An individual who performs these interventions on a minor is subject to criminal penalties—a fine, a prison term of up to five years, or both. A minor who receives these medical interventions may not be arrested or prosecuted for an offense under this bill.",Youth Athletics,Introduced
2,,,,"Establishes a new criminal offense for performing gender reassignment medical interventions on minors. It also provides that a minor who receives such an intervention may bring a civil action against each person who performed that intervention. The bill defines these interventions as certain surgeries or the use of hormones to change the body of an individual to correspond to a sex that is discordant with the individual's biological sex. It excludes, however, interventions in cases where an individual has ambiguous external biological sex characteristics or where a physician has determined that an individual does not have normal sex chromosome structure, sex steroid hormone production, or sex steroid hormone action. An individual who performs these interventions on a minor is subject to criminal penalties—a fine, a prison term of up to five years, or both. A minor who receives these medical interventions may not be arrested or prosecuted for an offense under this bill.",Healthcare,Introduced
2,2021-03-18,WA,HB 1556,Concerning equitable competition between students who participate in school athletic activities.,Youth Athletics,Dead/Failed
2,,,,Concerning equitable competition between students who participate in school athletic activities.,Youth Athletics,Dead/Failed
2,2021-03-22,NC,H 358,Save Women's Sports Act,Youth Athletics,Introduced
2,,,,Save Women's Sports Act,Youth Athletics,Introduced
2,2021-04-05,NC,S 514,Youth Health Protection Act,Youth Athletics,Introduced
2,,,,Youth Health Protection Act,Healthcare,Introduced
2,2021-04-06,SC,H 4153,"Amend The Code Of Laws Of South Carolina, 1976, So As To Enact The ""save Women's Sports Act"" By Adding Section 59-1-500 So As To Ensure Continued Inclusivity Of Females In The School Sports Arena By Providing That Public And Private Middle School-level And High School-level Teams And Sports Must Be Designated Based On Biological Sex, To Provide That Teams Or Sports Designated For Females May Be Restricted To Students Of The Female Sex, To Provide For Certain Protections For Public And Private Schools, And To Provide Certain Relief For Violations.",Youth Athletics,Dead/Failed
2,,,,"Amend The Code Of Laws Of South Carolina, 1976, So As To Enact The ""save Women's Sports Act"" By Adding Section 59-1-500 So As To Ensure Continued Inclusivity Of Females In The School Sports Arena By Providing That Public And Private Middle School-level And High School-level Teams And Sports Must Be Designated Based On Biological Sex, To Provide That Teams Or Sports Designated For Females May Be Restricted To Students Of The Female Sex, To Provide For Certain Protections For Public And Private Schools, And To Provide Certain Relief For Violations.",Youth Athletics,Dead/Failed
2,2021-05-12,AK,SB 140,"An Act relating to school athletics, recreation, athletic teams, and sports.",Youth Athletics,Introduced
2,,,,"An Act relating to school athletics, recreation, athletic teams, and sports.",Youth Athletics,Introduced
2,2021-05-13,IL,HB 4082,"Amends the Interscholastic Athletic Organization Act. Provides that any athletic team or sport that is under the jurisdiction of an association or entity that provides for interscholastic athletics or athletic competition among schools and student must be expressly designated as (i) a male athletic team or sport, (ii) a female athletic team or sport, or (iii) a coeducational athletic team or sport. Provides that an athletic team or sport designated as being female is available only to participants who are female, based on their biological sex. Requires a school district or nonpublic school to obtain a written statement signed by a student's parent or guardian or the student verifying the student's age, biological sex, and that the student has not taken performance enhancing drugs; provides for a penalty for false or misleading statements. Prohibits a governmental entity or an association or entity that provides for interscholastic athletics or athletic competition among schools and students from entertaining a complaint, opening an investigation, or taking any other adverse action against a school district or nonpublic school for maintaining athletic teams or sports in accordance with these provisions.",Youth Athletics,Dead/Failed
2,,,,"Amends the Interscholastic Athletic Organization Act. Provides that any athletic team or sport that is under the jurisdiction of an association or entity that provides for interscholastic athletics or athletic competition among schools and student must be expressly designated as (i) a male athletic team or sport, (ii) a female athletic team or sport, or (iii) a coeducational athletic team or sport. Provides that an athletic team or sport designated as being female is available only to participants who are female, based on their biological sex. Requires a school district or nonpublic school to obtain a written statement signed by a student's parent or guardian or the student verifying the student's age, biological sex, and that the student has not taken performance enhancing drugs; provides for a penalty for false or misleading statements. Prohibits a governmental entity or an association or entity that provides for interscholastic athletics or athletic competition among schools and students from entertaining a complaint, opening an investigation, or taking any other adverse action against a school district or nonpublic school for maintaining athletic teams or sports in accordance with these provisions.",Youth Athletics,Dead/Failed
2,2021-06-22,MI,HB 5082,Education: athletics; requirement that only biological males may compete for a position on and compete on a boys' high school team in an interscholastic activity and only biological females may compete for a position on and compete on a girls' high school team in an interscholastic activity; provide for. Amends 1976 PA 451 (MCL 380.1 - 380.1852) by adding sec. 1146a & repeals sec. 1289 of 1976 PA 451 (MCL 380.1289).,Youth Athletics,Introduced
2,,,,Education: athletics; requirement that only biological males may compete for a position on and compete on a boys' high school team in an interscholastic activity and only biological females may compete for a position on and compete on a girls' high school team in an interscholastic activity; provide for. Amends 1976 PA 451 (MCL 380.1 - 380.1852) by adding sec. 1146a & repeals sec. 1289 of 1976 PA 451 (MCL 380.1289).,Youth Athletics,Introduced
2,2021-10-19,OH,HB 454,"To enact sections 3129.01, 3129.02, 3129.03, 3129.04, 3129.05, 3129.06, 3129.07, and 3129.08 of the Revised Code to prohibit certain procedures to alter a minor child's sex and to designate this act as the Save Adolescents from Experimentation (SAFE) Act.",Youth Athletics,Introduced
2,,,,"To enact sections 3129.01, 3129.02, 3129.03, 3129.04, 3129.05, 3129.06, 3129.07, and 3129.08 of the Revised Code to prohibit certain procedures to alter a minor child's sex and to designate this act as the Save Adolescents from Experimentation (SAFE) Act.",Healthcare,Introduced
2,2021-10-21,USA,SB 3037,"A bill to require elementary schools and secondary schools that receive Federal funds to obtain parental consent before facilitating a child's gender transition in any form, and for other purposes.",Youth Athletics,Introduced
2,,,,"Prohibits an elementary or secondary school from receiving federal funds unless the school complies with specified requirements related to parental consent and student gender identity. Among other requirements, school employees may not withhold information from parents about a minor student's gender transition or gender identity. The Department of Justice or a parent or guardian may bring a civil action against a school for violations.",Healthcare,Introduced
2,2022-01-11,NJ,A 1630,"Fairness in Women's Sport Act.""",Youth Athletics,Introduced
2,,,,"Fairness in Women's Sport Act.""",Youth Athletics,Introduced
2,2022-01-11,NJ,S 589,"Fairness in Women's Sport Act.""",Youth Athletics,Introduced
2,,,,"Fairness in Women's Sport Act.""",Youth Athletics,Introduced
2,2022-01-12,USA,SB 3481,A bill to secure the dignity and safety of incarcerated women.,Youth Athletics,Introduced
2,,,,Establishes a framework to prohibit correctional institutions at the federal and state levels from using gender identity to house inmates of one biological sex with inmates of the other biological sex.,Other,Introduced
2,2022-01-13,IA,SF 2025,A bill for an act prohibiting persons from entering single and multiple occupancy toilet facilities in elementary and secondary schools that do not correspond with the person's biological sex.,Youth Athletics,Dead/Failed
2,,,,A bill for an act prohibiting persons from entering single and multiple occupancy toilet facilities in elementary and secondary schools that do not correspond with the person's biological sex.,Public Facilities,Dead/Failed
2,2022-01-13,WA,HB 1960,Concerning the housing of inmates in state correctional facilities.,Youth Athletics,Dead/Failed
2,,,,Concerning the housing of inmates in state correctional facilities.,Public Facilities,Dead/Failed
2,2022-01-18,AK,HB 230,"An Act relating to school athletics, recreation, athletic teams, and sports.",Youth Athletics,Introduced
2,,,,"An Act relating to school athletics, recreation, athletic teams, and sports.",Youth Athletics,Introduced
2,2022-09-29,NJ,S 3076,"Establishes """"Child Protection and Anti-Mutilation Act.""""",Healthcare,Introduced
2,,,,"Establishes """"Child Protection and Anti-Mutilation Act.""""",Healthcare,Introduced
2,2023-01-10,ND,SB 2199,"A BILL for an Act to amend and reenact section 1-01-34 of the North Dakota Century Code, relating to gender usage in the North Dakota Century Code; and to provide a penalty.",Other,Dead/Failed
2,,,,"A BILL for an Act to amend and reenact section 1-01-34 of the North Dakota Century Code, relating to gender usage in the North Dakota Century Code; and to provide a penalty.",ID Updates,Dead/Failed
